{
  "model": "model/real_water_bb_nl_unet_int8_ts.pt",
  "data_root": "data/cnn/real_water_bb_nl",
  "split": "val",
  "n": 79,
  "thr": 0.22,
  "postprocess": {
    "min_dist_to_edge": 18,
    "min_area": 40,
    "max_area": 12000,
    "min_solidity": 0.75,
    "min_ellipticity": 0.25,
    "min_circularity": 0.28,
    "max_aspect_ratio": 5.0,
    "min_major_px": 45,
    "min_minor_px": 25,
    "min_ellipse_area": 1300.0,
    "close_iters": 2,
    "ellipse_refill": true
  },
  "dice_raw": {
    "mean": 0.3195807659431683,
    "median": 0.46331948041915894,
    "p95": 0.6134739100933074,
    "min": 1.6358579768560588e-10,
    "max": 0.6355876326560974
  },
  "iou_raw": {
    "mean": 0.21657759112213554,
    "median": 0.30150672793388367,
    "p95": 0.44246781766414633,
    "min": 1.6358579768560588e-10,
    "max": 0.46583253145217896
  },
  "dice_post": {
    "mean": 0.658381594922632,
    "median": 0.6755695343017578,
    "p95": 1.0,
    "min": 1.32608410363666e-10,
    "max": 1.0
  },
  "iou_post": {
    "mean": 0.5764499155191519,
    "median": 0.510083019733429,
    "p95": 1.0,
    "min": 1.32608410363666e-10,
    "max": 1.0
  },
  "bubble_count_abs_error": {
    "mean": 0.4050632911392405,
    "median": 0.0,
    "p95": 2.0,
    "min": 0.0,
    "max": 2.0
  }
}